ammar|ammar4321|
asaad|asaad4321|
muzzamil|muzzamil4321|
taimoor|taimoor4321|
sherry|sherry4321|
makhdoom|makhdoom4321|
kamran|kamran4321|
sohaib|sohaib4321|
waqas|waqas4321|
syed ali|syedali4321|
shehroz|shehroz4321|
saffi|saffi4321|
fahad|fahad4321|
talha|talha4321|
hussain|hussain4321|



